UF;Latitude;Longitude
AC;-9,0238;-70,812
AL;-9,5713;-36,782
AM;-3,4168;-65,8561
AP;1,4142;-51,6034
BA;-12,9718;-38,5011
CE;-3,7172;-38,5434
DF;-15,8267;-47,9218
ES;-19,1834;-40,3089
GO;-16,6864;-49,2643
MA;-2,5387;-44,2825
MG;-18,5122;-44,555
MS;-20,4697;-54,6201
MT;-12,737;-55,386
PA;-1,998;-54,9306
PB;-7,1219;-34,8731
PE;-8,0476;-34,877
PI;-5,0919;-42,8034
PR;-25,2521;-52,0215
RJ;-22,9068;-43,1729
RN;-5,7945;-35,211
RO;-11,5057;-63,5806
RR;2,7376;-62,0751
RS;-30,0346;-51,2177
SC;-27,2423;-50,2189
SE;-10,9472;-37,0731
SP;-23,5505;-46,6333
TO;-10,1753;-48,2982
